Workbook

Sheet Start
B2: ISO 27001 · GRATIS SJABLOON
B3: Risicoanalyse ISO 27001
B6: Een risicoregister voor de risicobeoordeling en risicobehandeling van ISO 27001: per risico de dreiging, de kans en de impact, het risiconiveau (rekent de Excel zelf uit), de behandeling, de maatregelen uit bijlage A en het restrisico, met 18 kolommen. Versie 1.0, 18 oktober 2026.
B8: ZO GEBRUIKT U DEZE RISICOANALYSE
B9: 1. Criteria | C9: Leg op het blad Criteria vast hoe u kans en impact beoordeelt en welk niveau u accepteert (6.1.2 a). Gebruik ze daarna steeds hetzelfde (6.1.2 b).
B10: 2. Risico's | C10: Noteer op het blad Risicoregister per bedrijfsmiddel of proces de dreiging, de kwetsbaarheid, het gevolg en de risico-eigenaar (6.1.2 c).
B11: 3. Beoordelen | C11: Kies de kans en de impact (1-5). Risico en niveau rekent de Excel zelf uit (6.1.2 d en e).
B12: 4. Behandelen | C12: Kies de behandeling, de maatregelen uit bijlage A en de actie met datum; vul restkans en restimpact in en laat de eigenaar het restrisico accepteren (6.1.3).
B13: 5. Herhalen | C13: Bekijk het register met geplande tussenpozen en bij grote wijzigingen opnieuw (8.2). Het blad Overzicht telt de risico's per niveau.
B15: KANT-EN-KLAAR
B16: Procedure en register | C16: In de ISO 27001 Toolkit staan ISB-P01 Procedure risicomanagement, RSK-002 Risicoregister en behandelplan, ISB-001 Verklaring van toepasselijkheid, naast 53 andere documenten, met een ingevuld voorbeeld.
B17: Meer informatie | C17: https://www.maasiso.nl/toolkits/iso-27001/
B19: GOED OM TE WETEN
B20: Clausules | C20: De risicobeoordeling staat in 6.1.2 van ISO/IEC 27001:2022, de risicobehandeling in 6.1.3; uitvoeren doet u volgens 8.2 en 8.3, met geplande tussenpozen en bij grote wijzigingen.
B21: Eigen criteria | C21: De norm schrijft geen schaal voor: u legt zelf vast hoe u kans en impact beoordeelt en welk risico u accepteert (6.1.2 a). De schalen op het blad Criteria zijn een voorstel; pas ze aan en houd ze daarna vast, zodat de uitkomsten vergelijkbaar blijven (6.1.2 b).
B22: Voorbeelden | C22: De eerste vijf regels op het blad Risicoregister zijn fictieve voorbeelden. Overschrijf of verwijder ze.
B23: Geen normtekst | C23: Alle teksten zijn eigen woorden van MaasISO en geen normtekst; de norm zelf is te koop bij NEN.
B24: Licentie | C24: CC BY 4.0: u mag deze risicoanalyse vrij gebruiken, aanpassen en delen, ook commercieel, met vermelding van "MaasISO" en een link naar https://www.maasiso.nl/gratis-tools/risicoanalyse-iso-27001/
B26: maasiso.nl

Sheet Risicoregister
A1: Risicoanalyse ISO 27001 · versie 1.0 · 18 oktober 2026 · maasiso.nl
A2: De eerste vijf regels zijn fictieve voorbeelden. Kans, impact, restkans en restimpact: 1 tot en met 5 (blad Criteria). Risico, niveau en restrisico rekent het blad zelf uit. Uitleg in de opmerking bij elke kolomkop.
A3: Nr. | B3: Bedrijfsmiddel of proces | C3: Dreiging | D3: Kwetsbaarheid of oorzaak | E3: Gevolg voor V, I of B | F3: Risico-eigenaar | G3: Kans (1-5) | H3: Impact (1-5) | I3: Risico | J3: Niveau | K3: Behandeling | L3: Maatregelen | M3: Actie en datum | N3: Restkans | O3: Restimpact | P3: Restrisico | Q3: Restrisico geaccepteerd | R3: Volgende beoordeling
A4: R01 | B4: E-mail en Microsoft 365 | C4: Phishing en overname van een account | D4: Geen meerfactorauthenticatie voor alle accounts | E4: V, I | F4: IT-beheerder | G4: 4 | H4: 4 | I4: =IF(OR(G4="",H4=""),"",G4*H4) | J4: =IF(I4="","",IF(I4>=16,"✕ Zeer hoog",IF(I4>=10,"! Hoog",IF(I4>=5,"! Midden","✓ Laag")))) | K4: Verminderen | L4: A.8.5 veilige authenticatie, A.6.3 bewustwording | M4: MFA voor alle accounts, uiterlijk 1 december | N4: 2 | O4: 4 | P4: =IF(OR(N4="",O4=""),"",N4*O4&" · "&IF(N4*O4>=16,"✕ Zeer hoog",IF(N4*O4>=10,"! Hoog",IF(N4*O4>=5,"! Midden","✓ Laag")))) | Q4: Ja, 15 november | R4: Mei
A5: R02 | B5: Klantadministratie | C5: Ransomware versleutelt bestanden | D5: Back-up staat in hetzelfde netwerk | E5: B, I | F5: Directeur | G5: 3 | H5: 5 | I5: =IF(OR(G5="",H5=""),"",G5*H5) | J5: =IF(I5="","",IF(I5>=16,"✕ Zeer hoog",IF(I5>=10,"! Hoog",IF(I5>=5,"! Midden","✓ Laag")))) | K5: Verminderen | L5: A.8.13 back-up, A.8.7 malware | M5: Back-up buiten het netwerk en hersteltest per kwartaal | N5: 2 | O5: 3 | P5: =IF(OR(N5="",O5=""),"",N5*O5&" · "&IF(N5*O5>=16,"✕ Zeer hoog",IF(N5*O5>=10,"! Hoog",IF(N5*O5>=5,"! Midden","✓ Laag")))) | Q5: Ja, 15 november | R5: Mei
A6: R03 | B6: Laptops van medewerkers | C6: Verlies of diefstal van een laptop | D6: Schijf niet versleuteld | E6: V | F6: Office manager | G6: 3 | H6: 3 | I6: =IF(OR(G6="",H6=""),"",G6*H6) | J6: =IF(I6="","",IF(I6>=16,"✕ Zeer hoog",IF(I6>=10,"! Hoog",IF(I6>=5,"! Midden","✓ Laag")))) | K6: Verminderen | L6: A.8.1 eindapparatuur, A.8.24 cryptografie | M6: Versleuteling aanzetten op alle laptops | N6: 3 | O6: 1 | P6: =IF(OR(N6="",O6=""),"",N6*O6&" · "&IF(N6*O6>=16,"✕ Zeer hoog",IF(N6*O6>=10,"! Hoog",IF(N6*O6>=5,"! Midden","✓ Laag")))) | Q6: Ja, 15 november | R6: Mei
A7: R04 | B7: Hostingpartij webwinkel | C7: Leverancier valt langdurig uit | D7: Geen afspraken over beschikbaarheid | E7: B | F7: Directeur | G7: 2 | H7: 4 | I7: =IF(OR(G7="",H7=""),"",G7*H7) | J7: =IF(I7="","",IF(I7>=16,"✕ Zeer hoog",IF(I7>=10,"! Hoog",IF(I7>=5,"! Midden","✓ Laag")))) | K7: Delen | L7: A.5.20 afspraken met leveranciers, A.5.30 ICT-continuïteit | M7: Beschikbaarheid en herstel opnemen in het contract | N7: 2 | O7: 3 | P7: =IF(OR(N7="",O7=""),"",N7*O7&" · "&IF(N7*O7>=16,"✕ Zeer hoog",IF(N7*O7>=10,"! Hoog",IF(N7*O7>=5,"! Midden","✓ Laag")))) | Q7: Ja, 15 november | R7: Mei
A8: R05 | B8: Archiefkast met papieren dossiers | C8: Onbevoegde inzage | D8: Kast staat open in een gedeelde ruimte | E8: V | F8: Office manager | G8: 2 | H8: 2 | I8: =IF(OR(G8="",H8=""),"",G8*H8) | J8: =IF(I8="","",IF(I8>=16,"✕ Zeer hoog",IF(I8>=10,"! Hoog",IF(I8>=5,"! Midden","✓ Laag")))) | K8: Accepteren | L8: A.7.7 opgeruimd bureau | M8: Geen; opnieuw bekijken bij verhuizing | N8: 2 | O8: 2 | P8: =IF(OR(N8="",O8=""),"",N8*O8&" · "&IF(N8*O8>=16,"✕ Zeer hoog",IF(N8*O8>=10,"! Hoog",IF(N8*O8>=5,"! Midden","✓ Laag")))) | Q8: Ja, 15 november | R8: Mei
A9: R06 | I9: =IF(OR(G9="",H9=""),"",G9*H9) | J9: =IF(I9="","",IF(I9>=16,"✕ Zeer hoog",IF(I9>=10,"! Hoog",IF(I9>=5,"! Midden","✓ Laag")))) | P9: =IF(OR(N9="",O9=""),"",N9*O9&" · "&IF(N9*O9>=16,"✕ Zeer hoog",IF(N9*O9>=10,"! Hoog",IF(N9*O9>=5,"! Midden","✓ Laag"))))
A10: R07 | I10: =IF(OR(G10="",H10=""),"",G10*H10) | J10: =IF(I10="","",IF(I10>=16,"✕ Zeer hoog",IF(I10>=10,"! Hoog",IF(I10>=5,"! Midden","✓ Laag")))) | P10: =IF(OR(N10="",O10=""),"",N10*O10&" · "&IF(N10*O10>=16,"✕ Zeer hoog",IF(N10*O10>=10,"! Hoog",IF(N10*O10>=5,"! Midden","✓ Laag"))))
A11: R08 | I11: =IF(OR(G11="",H11=""),"",G11*H11) | J11: =IF(I11="","",IF(I11>=16,"✕ Zeer hoog",IF(I11>=10,"! Hoog",IF(I11>=5,"! Midden","✓ Laag")))) | P11: =IF(OR(N11="",O11=""),"",N11*O11&" · "&IF(N11*O11>=16,"✕ Zeer hoog",IF(N11*O11>=10,"! Hoog",IF(N11*O11>=5,"! Midden","✓ Laag"))))
A12: R09 | I12: =IF(OR(G12="",H12=""),"",G12*H12) | J12: =IF(I12="","",IF(I12>=16,"✕ Zeer hoog",IF(I12>=10,"! Hoog",IF(I12>=5,"! Midden","✓ Laag")))) | P12: =IF(OR(N12="",O12=""),"",N12*O12&" · "&IF(N12*O12>=16,"✕ Zeer hoog",IF(N12*O12>=10,"! Hoog",IF(N12*O12>=5,"! Midden","✓ Laag"))))
A13: R10 | I13: =IF(OR(G13="",H13=""),"",G13*H13) | J13: =IF(I13="","",IF(I13>=16,"✕ Zeer hoog",IF(I13>=10,"! Hoog",IF(I13>=5,"! Midden","✓ Laag")))) | P13: =IF(OR(N13="",O13=""),"",N13*O13&" · "&IF(N13*O13>=16,"✕ Zeer hoog",IF(N13*O13>=10,"! Hoog",IF(N13*O13>=5,"! Midden","✓ Laag"))))
A14: R11 | I14: =IF(OR(G14="",H14=""),"",G14*H14) | J14: =IF(I14="","",IF(I14>=16,"✕ Zeer hoog",IF(I14>=10,"! Hoog",IF(I14>=5,"! Midden","✓ Laag")))) | P14: =IF(OR(N14="",O14=""),"",N14*O14&" · "&IF(N14*O14>=16,"✕ Zeer hoog",IF(N14*O14>=10,"! Hoog",IF(N14*O14>=5,"! Midden","✓ Laag"))))
A15: R12 | I15: =IF(OR(G15="",H15=""),"",G15*H15) | J15: =IF(I15="","",IF(I15>=16,"✕ Zeer hoog",IF(I15>=10,"! Hoog",IF(I15>=5,"! Midden","✓ Laag")))) | P15: =IF(OR(N15="",O15=""),"",N15*O15&" · "&IF(N15*O15>=16,"✕ Zeer hoog",IF(N15*O15>=10,"! Hoog",IF(N15*O15>=5,"! Midden","✓ Laag"))))
A16: R13 | I16: =IF(OR(G16="",H16=""),"",G16*H16) | J16: =IF(I16="","",IF(I16>=16,"✕ Zeer hoog",IF(I16>=10,"! Hoog",IF(I16>=5,"! Midden","✓ Laag")))) | P16: =IF(OR(N16="",O16=""),"",N16*O16&" · "&IF(N16*O16>=16,"✕ Zeer hoog",IF(N16*O16>=10,"! Hoog",IF(N16*O16>=5,"! Midden","✓ Laag"))))
A17: R14 | I17: =IF(OR(G17="",H17=""),"",G17*H17) | J17: =IF(I17="","",IF(I17>=16,"✕ Zeer hoog",IF(I17>=10,"! Hoog",IF(I17>=5,"! Midden","✓ Laag")))) | P17: =IF(OR(N17="",O17=""),"",N17*O17&" · "&IF(N17*O17>=16,"✕ Zeer hoog",IF(N17*O17>=10,"! Hoog",IF(N17*O17>=5,"! Midden","✓ Laag"))))
A18: R15 | I18: =IF(OR(G18="",H18=""),"",G18*H18) | J18: =IF(I18="","",IF(I18>=16,"✕ Zeer hoog",IF(I18>=10,"! Hoog",IF(I18>=5,"! Midden","✓ Laag")))) | P18: =IF(OR(N18="",O18=""),"",N18*O18&" · "&IF(N18*O18>=16,"✕ Zeer hoog",IF(N18*O18>=10,"! Hoog",IF(N18*O18>=5,"! Midden","✓ Laag"))))
A19: R16 | I19: =IF(OR(G19="",H19=""),"",G19*H19) | J19: =IF(I19="","",IF(I19>=16,"✕ Zeer hoog",IF(I19>=10,"! Hoog",IF(I19>=5,"! Midden","✓ Laag")))) | P19: =IF(OR(N19="",O19=""),"",N19*O19&" · "&IF(N19*O19>=16,"✕ Zeer hoog",IF(N19*O19>=10,"! Hoog",IF(N19*O19>=5,"! Midden","✓ Laag"))))
A20: R17 | I20: =IF(OR(G20="",H20=""),"",G20*H20) | J20: =IF(I20="","",IF(I20>=16,"✕ Zeer hoog",IF(I20>=10,"! Hoog",IF(I20>=5,"! Midden","✓ Laag")))) | P20: =IF(OR(N20="",O20=""),"",N20*O20&" · "&IF(N20*O20>=16,"✕ Zeer hoog",IF(N20*O20>=10,"! Hoog",IF(N20*O20>=5,"! Midden","✓ Laag"))))
... A53: R50 | I53: =IF(OR(G53="",H53=""),"",G53*H53) | J53: =IF(I53="","",IF(I53>=16,"✕ Zeer hoog",IF(I53>=10,"! Hoog",IF(I53>=5,"! Midden","✓ Laag")))) | P53: =IF(OR(N53="",O53=""),"",N53*O53&" · "&IF(N53*O53>=16,"✕ Zeer hoog",IF(N53*O53>=10,"! Hoog",IF(N53*O53>=5,"! Midden","✓ Laag"))))

Sheet Criteria
A1: Criteria voor de risicobeoordeling
A2: Een voorstel van MaasISO: ISO 27001 laat de criteria aan de organisatie (6.1.2 a). Pas de omschrijvingen aan uw organisatie aan, laat ze vaststellen en gebruik ze daarna steeds hetzelfde (6.1.2 b).
A4: Kans
A5: Score | B5: Naam | G5: Omschrijving
A6: 1 | B6: Zeer klein | G6: Nog nooit gebeurd en niet te verwachten; minder dan eens in de tien jaar.
A7: 2 | B7: Klein | G7: Kan gebeuren, maar zelden; eens in de vijf tot tien jaar.
A8: 3 | B8: Mogelijk | G8: Komt bij vergelijkbare organisaties voor; eens in de één tot vijf jaar.
A9: 4 | B9: Waarschijnlijk | G9: Gebeurt naar verwachting elk jaar.
A10: 5 | B10: Bijna zeker | G10: Gebeurt meerdere keren per jaar of gebeurt nu al.
A12: Impact
A13: Score | B13: Naam | G13: Omschrijving
A14: 1 | B14: Verwaarloosbaar | G14: Geen merkbare gevolgen voor klanten of werk; binnen een uur opgelost.
A15: 2 | B15: Klein | G15: Kleine verstoring of schade, binnen een dag hersteld; geen persoonsgegevens of vertrouwelijke informatie naar buiten.
A16: 3 | B16: Merkbaar | G16: Werk ligt deels stil of een klant merkt het; beperkte financiële schade of een melding nodig.
A17: 4 | B17: Ernstig | G17: Belangrijke dienst dagen niet beschikbaar, vertrouwelijke gegevens gelekt, forse schade of boete mogelijk.
A18: 5 | B18: Zeer ernstig | G18: Voortbestaan van de organisatie of veiligheid van mensen in gevaar; langdurige uitval of grootschalig datalek.
A20: Risicomatrix (kans × impact)
A21: Kans \ impact | B21: 1 Verwaarloosbaar | C21: 2 Klein | D21: 3 Merkbaar | E21: 4 Ernstig | F21: 5 Zeer ernstig
A22: 5 Bijna zeker | B22: 5 · ! Midden | C22: 10 · ! Hoog | D22: 15 · ! Hoog | E22: 20 · ✕ Zeer hoog | F22: 25 · ✕ Zeer hoog
A23: 4 Waarschijnlijk | B23: 4 · ✓ Laag | C23: 8 · ! Midden | D23: 12 · ! Hoog | E23: 16 · ✕ Zeer hoog | F23: 20 · ✕ Zeer hoog
A24: 3 Mogelijk | B24: 3 · ✓ Laag | C24: 6 · ! Midden | D24: 9 · ! Midden | E24: 12 · ! Hoog | F24: 15 · ! Hoog
A25: 2 Klein | B25: 2 · ✓ Laag | C25: 4 · ✓ Laag | D25: 6 · ! Midden | E25: 8 · ! Midden | F25: 10 · ! Hoog
A26: 1 Zeer klein | B26: 1 · ✓ Laag | C26: 2 · ✓ Laag | D26: 3 · ✓ Laag | E26: 4 · ✓ Laag | F26: 5 · ! Midden
A28: Niveaus en wat u doet
A29: Niveau | B29: Van | C29: Tot en met | G29: Actie
A30: ✓ Laag | B30: 1 | C30: 4 | G30: Accepteren mag; vastleggen en bij de volgende beoordeling opnieuw bekijken.
A31: ! Midden | B31: 5 | C31: 9 | G31: Maatregelen overwegen; accepteren alleen met reden en akkoord van de risico-eigenaar.
A32: ! Hoog | B32: 10 | C32: 15 | G32: Behandelen met maatregelen en een plan met eigenaar en datum.
A33: ✕ Zeer hoog | B33: 16 | C33: 25 | G33: Direct behandelen; directie informeren en het risico niet accepteren zonder besluit van de directie.
A35: Behandelopties (6.1.3 a)
A36: Verminderen | B36: Maatregelen nemen die de kans of de impact verkleinen, bijvoorbeeld uit bijlage A.
A37: Vermijden | B37: Stoppen met de activiteit of het systeem waar het risico uit voortkomt.
A38: Delen | B38: Een deel van het risico bij een ander leggen, bijvoorbeeld via een verzekering of een contract met een leverancier.
A39: Accepteren | B39: Het risico bewust dragen, met akkoord van de risico-eigenaar (6.1.3 f).

Sheet Overzicht
A1: Overzicht
A2: Wordt automatisch bijgewerkt op basis van het blad Risicoregister.
A4: Niveau | B4: Risico's | C4: Na maatregelen
A5: ✓ Laag | B5: =COUNTIF(Risicoregister!$J$4:$J$53,"✓ Laag") | C5: =COUNTIF(Risicoregister!$P$4:$P$53,"*✓ Laag")
A6: ! Midden | B6: =COUNTIF(Risicoregister!$J$4:$J$53,"! Midden") | C6: =COUNTIF(Risicoregister!$P$4:$P$53,"*! Midden")
A7: ! Hoog | B7: =COUNTIF(Risicoregister!$J$4:$J$53,"! Hoog") | C7: =COUNTIF(Risicoregister!$P$4:$P$53,"*! Hoog")
A8: ✕ Zeer hoog | B8: =COUNTIF(Risicoregister!$J$4:$J$53,"✕ Zeer hoog") | C8: =COUNTIF(Risicoregister!$P$4:$P$53,"*✕ Zeer hoog")
A9: Totaal beoordeeld | B9: =SUM(B5:B8) | C9: =SUM(C5:C8)
A11: Kant-en-klaar: de ISO 27001 Toolkit bevat ISB-P01 Procedure risicomanagement, RSK-002 Risicoregister en behandelplan, ISB-001 Verklaring van toepasselijkheid, met een ingevuld voorbeeld.
A12: Bekijk de ISO 27001 Toolkit →
